{"confluenceName":"confluence.vk.team","confluenceUrl":"https://confluence.vk.team","pages":[{"id":791364131,"title":"Проект Вишняков А.Е.","source":"<ul><li><ac:link><ri:page ri:content-title=\"ДЗ 1. User Story\" /></ac:link></li><li><ac:link><ri:page ri:content-title=\"ДЗ 2. BPMN\" /></ac:link></li><li><ac:link><ri:page ri:content-title=\"ДЗ 3. Документация\" /></ac:link></li><li><ac:link><ri:page ri:content-title=\"ДЗ 4. C4\" /></ac:link></li></ul><p><br /></p>","parent":"","lastModifiedBy":"Vishnyakov Alesandr","lastModifiedByUrl":"https://confluence.vk.team/display/~a.vischniyakov@mail.msk","lastModifiedOn":"20220511","position":9},{"id":787474576,"title":"ДЗ 1. User Story","source":"<p><strong>ДЗ №1 - User Story&nbsp;</strong></p><p>Приоритезация: 1 - наивысший, 2 - повышенный, 3 - стандартыный&nbsp;</p><ul><li><a href=\"https://jira.vk.team/browse/VKLEARN-280\">Создание сделки с клиентом</a></li><li><a href=\"https://jira.vk.team/browse/VKLEARN-294\">Поиск подходящего конкурса</a></li><li><a href=\"https://jira.vk.team/browse/VKLEARN-304\">Создание заявки на конкурс</a></li><li><a href=\"https://jira.vk.team/browse/VKLEARN-306\">Расчёт рентабельности</a></li><li><a href=\"https://jira.vk.team/browse/VKLEARN-307\">Проверка финансиста</a></li><li><a href=\"https://jira.vk.team/browse/VKLEARN-309\">Регистрация заявки в TMS</a></li><li><a href=\"https://jira.vk.team/browse/VKLEARN-330\">Проверка благонадёжности клиента</a></li><li><a href=\"https://jira.vk.team/browse/VKLEARN-335\">Проверка сотрудничества</a></li><li><a href=\"https://jira.vk.team/browse/VKLEARN-388\">Распределение ролей на согласование</a></li><li><a href=\"https://jira.vk.team/browse/VKLEARN-426\">Проверка юриста</a></li><li><a href=\"https://jira.vk.team/browse/VKLEARN-449\">Согласование</a></li></ul><p><br /></p>","parent":"791364131","lastModifiedBy":"Vishnyakov Alesandr","lastModifiedByUrl":"https://confluence.vk.team/display/~a.vischniyakov@mail.msk","lastModifiedOn":"20220411"},{"id":791364214,"title":"ДЗ 2. BPMN","source":"<p>BPMN схема процесса, который существует сейчас</p><p><ac:structured-macro ac:name=\"view-file\" ac:schema-version=\"1\" ac:macro-id=\"e1b3c073-5b1e-4255-b379-cb01d2cb89c8\"><ac:parameter ac:name=\"name\"><ri:attachment ri:filename=\"BPMN до оптимизации.bpmn\" /></ac:parameter><ac:parameter ac:name=\"height\">250</ac:parameter></ac:structured-macro></p><p>BPMN схема процесса после учёта требований из кейса (из FAQ)</p><p><ac:structured-macro ac:name=\"view-file\" ac:schema-version=\"1\" ac:macro-id=\"9e261ddb-3fc5-4b9e-87d5-e7b179354ddc\"><ac:parameter ac:name=\"name\"><ri:attachment ri:filename=\"BPMN после оптимизации.bpmn\" /></ac:parameter><ac:parameter ac:name=\"height\">250</ac:parameter></ac:structured-macro></p>","parent":"791364131","lastModifiedBy":"Vishnyakov Alesandr","lastModifiedByUrl":"https://confluence.vk.team/display/~a.vischniyakov@mail.msk","lastModifiedOn":"20220411"},{"id":797345985,"title":"ДЗ 3. Документация","source":"<p><span style=\"color: rgb(0,0,0);font-size: 24.0px;letter-spacing: -0.01em;\">Система согласования новых сделок в компании</span></p><h2>Бизнес-требования</h2><p><strong>Цель:&nbsp;</strong> Разработка системы, которая позволит:</p><ul><li><span>быстрее проводить согласование между всеми участниками процесса,</span></li><li><span>готовить корректный расчет проекта,</span></li><li><span>учитывать все риски для финального принятия решения по&nbsp;сделке.</span></li></ul><p><strong>Ключевые результаты:</strong></p><ul><li>Среднее время согласование сделки должно быть не более 2 недель.</li><li>Минимизация количества ошибок в расчёте проекта (чем ближе к 0, тем лучше).</li><li>Перенос документов в единую систему с контролем версий.</li><li>Увеличение дохода компании на 20% (за счёт увеличения сделок).</li></ul><p><strong>Описание возможностей:</strong></p><ul><li>составление документации и её хранение внутри системы;</li><li>сравнение различных версий документации;</li><li>помощь при составление финансового расчёта;</li><li>передача задач от инстанции к инстанции и контроль времени выполнения;</li><li>интеграция с <span style=\"color: rgb(23,43,77);\">Контур-фокус и TMS;</span></li><li>удалённое голосование по принятию сделки.</li></ul><p><br /></p><h2>Заинтересованные лица</h2><table class=\"wrapped\"><colgroup><col /><col /><col /></colgroup><thead><tr><th style=\"text-align: left;\"><p>ФИО</p></th><th style=\"text-align: left;\"><p>Роль</p></th><th style=\"text-align: left;\"><p>Контакты</p></th></tr></thead><tbody><tr><td style=\"text-align: left;\">Иванов Иван Иванович</td><td style=\"text-align: left;\"><span style=\"color: rgb(23,43,77);\">Генеральный директор</span></td><td style=\"text-align: left;\">+7 111 222 33 44 55</td></tr><tr><td style=\"text-align: left;\">Иванов Иван Иванович</td><td style=\"text-align: left;\"><span style=\"color: rgb(23,43,77);\">Исполнительный директор</span></td><td style=\"text-align: left;\">+7 111 222 33 44 55</td></tr><tr><td style=\"text-align: left;\">Иванов Иван Иванович</td><td style=\"text-align: left;\"><span style=\"color: rgb(23,43,77);\"><span style=\"color: rgb(23,43,77);\">Руководитель департамента &quot;</span></span>Бизнес-приложения&quot;</td><td style=\"text-align: left;\">+7 111 222 33 44 55</td></tr><tr><td style=\"text-align: left;\">Иванов Иван Иванович</td><td style=\"text-align: left;\"><span style=\"color: rgb(23,43,77);\"><span style=\"color: rgb(23,43,77);\">Руководитель департамента &quot;</span></span>Инфраструктурные решения&quot;</td><td style=\"text-align: left;\">+7 111 222 33 44 55</td></tr><tr><td style=\"text-align: left;\">Иванов Иван Иванович</td><td style=\"text-align: left;\"><span style=\"color: rgb(23,43,77);\"><span style=\"color: rgb(23,43,77);\">Руководитель департамента &quot;</span></span>Сервисные решения&quot;</td><td style=\"text-align: left;\">+7 111 222 33 44 55</td></tr><tr><td style=\"text-align: left;\">Иванов Иван Иванович</td><td style=\"text-align: left;\"><span style=\"color: rgb(23,43,77);\">Руководитель финансовой службы</span></td><td style=\"text-align: left;\">+7 111 222 33 44 55</td></tr><tr><td style=\"text-align: left;\">Иванов Иван Иванович</td><td style=\"text-align: left;\"><span style=\"color: rgb(23,43,77);\">Руководитель юридического отдела</span></td><td style=\"text-align: left;\">+7 111 222 33 44 55</td></tr><tr><td style=\"text-align: left;\">Иванов Иван Иванович</td><td style=\"text-align: left;\"><span style=\"color: rgb(23,43,77);\">Руководитель тендерного отдела</span></td><td style=\"text-align: left;\">+7 111 222 33 44 55</td></tr><tr><td style=\"text-align: left;\">Иванов Иван Иванович</td><td style=\"text-align: left;\"><span style=\"color: rgb(23,43,77);\">Руководитель отдела продаж</span></td><td style=\"text-align: left;\">+7 111 222 33 44 55</td></tr><tr><td style=\"text-align: left;\">Иванов Иван Иванович</td><td style=\"text-align: left;\"><span style=\"color: rgb(23,43,77);\">Руководитель маркетинга</span></td><td style=\"text-align: left;\">+7 111 222 33 44 55</td></tr><tr><td style=\"text-align: left;\">Иванов Иван Иванович</td><td style=\"text-align: left;\"><span style=\"color: rgb(23,43,77);\">Руководитель группы поддержки клиентов</span></td><td style=\"text-align: left;\">+7 111 222 33 44 55</td></tr></tbody></table><h2>Команда проекта</h2><table class=\"wrapped\"><colgroup><col /><col /></colgroup><thead><tr><th style=\"text-align: left;\"><p>ФИО</p></th><th style=\"text-align: left;\"><p>Роль</p></th></tr></thead><tbody><tr><td style=\"text-align: left;\"><br /></td><td style=\"text-align: left;\"><br /></td></tr></tbody></table><h2 class=\"auto-cursor-target\">Список терминов и определений:</h2><table class=\"wrapped\"><colgroup><col /><col /><col /></colgroup><thead><tr><th style=\"text-align: left;\"><p>Термин</p></th><th style=\"text-align: left;\"><p>Сокращение</p></th><th style=\"text-align: left;\"><p>Определение</p></th></tr></thead><tbody><tr><td style=\"text-align: left;\"><span style=\"color: rgb(23,43,77);\">tender management system</span></td><td style=\"text-align: left;\"><span style=\"color: rgb(23,43,77);\">TMS</span></td><td style=\"text-align: left;\"><p><span style=\"color: rgb(23,43,77);\"><span>С</span>истема управления тендерами.<br /></span></p></td></tr><tr><td style=\"text-align: left;\"><span style=\"color: rgb(23,43,77);\">Контур-фокус</span></td><td style=\"text-align: left;\"><span style=\"color: rgb(23,43,77);\"><br /></span></td><td style=\"text-align: left;\"><p><span style=\"color: rgb(23,43,77);\"><span>Сервис, из которого маркетинговые аналитики получают всю необходимую информацию о клиенте.</span></span></p></td></tr><tr><td style=\"text-align: left;\"><span style=\"color: rgb(23,43,77);\">Конкурс</span></td><td style=\"text-align: left;\"><span style=\"color: rgb(23,43,77);\"><br /></span></td><td style=\"text-align: left;\"><p><span style=\"color: rgb(23,43,77);\"><span>Тендер (тип сделки)</span></span></p></td></tr><tr><td style=\"text-align: left;\"><span style=\"color: rgb(23,43,77);\">Продажа</span></td><td style=\"text-align: left;\"><span style=\"color: rgb(23,43,77);\"><br /></span></td><td style=\"text-align: left;\"><p><span style=\"color: rgb(23,43,77);\"><span>Проработанная сделка с клиентом, которая отправляется на процесс согласования (тип сделки)</span></span></p></td></tr><tr><td style=\"text-align: left;\"><span style=\"color: rgb(23,43,77);\">Сотрудник тендерного отдела</span></td><td style=\"text-align: left;\"><span style=\"color: rgb(23,43,77);\">СТО</span></td><td style=\"text-align: left;\"><p><span style=\"color: rgb(23,43,77);\"><span><br /></span></span></p></td></tr></tbody></table><h2>Структура документации:</h2><ul><li><ac:link><ri:page ri:content-title=\"Процесс (Вишняков)\" /><ac:plain-text-link-body><![CDATA[Процесс]]></ac:plain-text-link-body></ac:link></li><li><ac:link><ri:page ri:content-title=\"Модель данных (Вишняков)\" /><ac:plain-text-link-body><![CDATA[Модель данных]]></ac:plain-text-link-body></ac:link></li><li><ac:link><ri:page ri:content-title=\"Пользователи и роли (Вишняков)\" /><ac:plain-text-link-body><![CDATA[Пользователи и роли]]></ac:plain-text-link-body></ac:link></li><li><ac:link><ri:page ri:content-title=\"Пользовательский интерфейс (Вишняков)\" /><ac:plain-text-link-body><![CDATA[Пользовательский интерфейс]]></ac:plain-text-link-body></ac:link></li><li><ac:link><ri:page ri:content-title=\"Use case (Вишняков)\" /><ac:plain-text-link-body><![CDATA[Use case]]></ac:plain-text-link-body></ac:link></li><li><ac:link><ri:page ri:content-title=\"Бизнес правила (Вишняков)\" /><ac:plain-text-link-body><![CDATA[Бизнес правила]]></ac:plain-text-link-body></ac:link></li><li><ac:link><ri:page ri:content-title=\"Интеграция API (Вишняков)\" /><ac:plain-text-link-body><![CDATA[Интеграция API]]></ac:plain-text-link-body></ac:link>&nbsp;</li><li><ac:link><ri:page ri:content-title=\"Нотификация (Вишняков)\" /><ac:plain-text-link-body><![CDATA[Нотификация]]></ac:plain-text-link-body></ac:link></li></ul>","parent":"791364131","lastModifiedBy":"Vishnyakov Alesandr","lastModifiedByUrl":"https://confluence.vk.team/display/~a.vischniyakov@mail.msk","lastModifiedOn":"20220424"},{"id":802495741,"title":"ДЗ 4. C4","source":"<p><br /></p><h1>C4 Model<ac:structured-macro ac:name=\"toc\" ac:schema-version=\"1\" ac:macro-id=\"6582c356-8a49-4de0-b851-e980129fa217\" /></h1><h2>Context</h2><p><br /></p><p><ac:image ac:height=\"250\"><ri:attachment ri:filename=\"structurizr--SystemContext.png\" /></ac:image></p><h2>Containers</h2><p><br /></p><p><br /></p><p><ac:image ac:height=\"250\"><ri:attachment ri:filename=\"structurizr--Container (1).png\" /></ac:image></p><h2>Components</h2><p><ac:image ac:style=\"max-height: 250.0px;\" ac:height=\"250\"><ri:attachment ri:filename=\"structurizr--Web-Component (2).png\" /></ac:image></p><h2>Code</h2>","parent":"791364131","lastModifiedBy":"Vishnyakov Alesandr","lastModifiedByUrl":"https://confluence.vk.team/display/~a.vischniyakov@mail.msk","lastModifiedOn":"20220521"},{"id":797346207,"title":"Процесс (Вишняков)","source":"<p><ac:structured-macro ac:name=\"toc\" ac:schema-version=\"1\" ac:macro-id=\"a2940a21-cac5-4b3c-9a79-b67f54bae035\" /></p><h1>Информация по процессу</h1><table class=\"relative-table wrapped\" style=\"width: 594.384px;\"><thead><tr><th style=\"text-align: left;\"><p><strong>Описание</strong></p></th><td style=\"text-align: left;\">В рамках процесса происходит согласование сделки внутри компании, а также нексколько этапов проверки (благонадёжности клиента, финансовая, юридическая).</td></tr></thead><colgroup><col style=\"width: 100.234px;\" /><col style=\"width: 493.16px;\" /></colgroup><tbody><tr><th style=\"text-align: left;\"><p><strong>Схема процесса</strong></p></th><td style=\"text-align: left;\"><p><a href=\"https://cawemo.com/share/a3f3132c-a86c-4222-b433-530bad686819\">https://cawemo.com/share/a3f3132c-a86c-4222-b433-530bad686819</a> (Эталонная)</p><p><ac:link><ri:page ri:content-title=\"ДЗ 2. BPMN\" /></ac:link> (Моя)</p></td></tr></tbody></table><h1><span>Описание активностей процесса</span></h1><h3>Найден подходящий конкурс на тендерной площадке</h3><table class=\"relative-table wrapped\" style=\"width: 46.5609%;\"><colgroup><col style=\"width: 46.4286%;\" /><col style=\"width: 53.5714%;\" /></colgroup><thead><tr><th style=\"text-align: left;\"><p>Тип элемента:</p></th><td style=\"text-align: left;\"><p>Стартовое событие</p></td></tr></thead><tbody><tr><th style=\"text-align: left;\"><p>Условия старта:</p></th><td style=\"text-align: left;\"><p>Найден конкурсный заказ</p></td></tr><tr><th style=\"text-align: left;\"><p>Исполнитель:</p></th><td style=\"text-align: left;\"><p>Сотрудник тендерного отдела</p></td></tr><tr><th style=\"text-align: left;\"><p>UI:</p></th><td style=\"text-align: left;\"><p><br /></p></td></tr><tr><th style=\"text-align: left;\"><p>Действия при запуске процесса:</p></th><td style=\"text-align: left;\"><p>Установить тип сделки =&nbsp; конкурс</p></td></tr></tbody></table><h3 class=\"auto-cursor-target\">Проработать возможную сделку</h3><table class=\"relative-table wrapped\" style=\"width: 46.3341%;\"><colgroup><col style=\"width: 31.3214%;\" /><col style=\"width: 68.5155%;\" /></colgroup><thead><tr><th style=\"text-align: left;\"><p>Тип элемента:</p></th><td style=\"text-align: left;\"><p>Пользовательская задача</p></td></tr></thead><tbody><tr><th style=\"text-align: left;\"><p>Действия на входе:</p></th><td style=\"text-align: left;\"><p>-</p></td></tr><tr><th style=\"text-align: left;\"><p>Исполнитель:</p></th><td style=\"text-align: left;\"><p>Менеджер по продажам</p></td></tr><tr><th style=\"text-align: left;\"><span style=\"color: rgb(0,0,0);\">UI:</span></th><td style=\"text-align: left;\"><br /></td></tr><tr><th style=\"text-align: left;\"><p>Действия на выходе:</p></th><td style=\"text-align: left;\"><p>-</p></td></tr></tbody></table><h3>Ок?</h3><table class=\"relative-table wrapped\" style=\"width: 46.0317%;\"><colgroup><col style=\"width: 31.6913%;\" /><col style=\"width: 68.1445%;\" /></colgroup><thead><tr><th style=\"text-align: left;\"><p>Тип элемента:</p></th><td style=\"text-align: left;\"><p>Развилка ИЛИ</p></td></tr></thead><tbody><tr><th style=\"text-align: left;\"><p>Условия развилки:</p></th><td style=\"text-align: left;\"><p><strong>Да:</strong> Выполняется если конкурс берётся в работу</p><p><strong>Нет:</strong>&nbsp;При остальных условиях</p></td></tr></tbody></table><h3 class=\"auto-cursor-target\">Конкурс не подошёл</h3><table class=\"relative-table wrapped\" style=\"width: 46.1829%;\"><colgroup><col style=\"width: 31.5875%;\" /><col style=\"width: 68.2487%;\" /></colgroup><thead><tr><th style=\"text-align: left;\"><p>Тип элемента:</p></th><td style=\"text-align: left;\"><p>Завершающие событие</p></td></tr></thead><tbody><tr><th style=\"text-align: left;\"><p>Результат:</p></th><td style=\"text-align: left;\"><p>Остановка процесса</p></td></tr></tbody></table><h3 class=\"auto-cursor-target\">Подготовить документацию и заявку на конкурс</h3><table class=\"relative-table wrapped\" style=\"width: 46.4097%;\"><colgroup><col style=\"width: 31.2703%;\" /><col style=\"width: 68.5668%;\" /></colgroup><thead><tr><th style=\"text-align: left;\"><p>Тип элемента:</p></th><td style=\"text-align: left;\"><p>Пользовательская задача</p></td></tr></thead><tbody><tr><th style=\"text-align: left;\"><p>Действия на входе:</p></th><td style=\"text-align: left;\"><p>-</p></td></tr><tr><th style=\"text-align: left;\"><p>Исполнитель:</p></th><td style=\"text-align: left;\"><p>СТО</p></td></tr><tr><th style=\"text-align: left;\"><span style=\"color: rgb(0,0,0);\">UI:</span></th><td style=\"text-align: left;\"><br /></td></tr><tr><th style=\"text-align: left;\"><p>Действия на выходе:</p></th><td style=\"text-align: left;\"><p>-</p></td></tr></tbody></table><h3>Сделка с<span>&nbsp;</span>клиентом<span>&nbsp;</span>достаточно<span>&nbsp;</span>проработана</h3><table class=\"relative-table wrapped\" style=\"width: 46.5609%;\"><colgroup><col style=\"width: 46.4286%;\" /><col style=\"width: 53.5714%;\" /></colgroup><thead><tr><th style=\"text-align: left;\"><p>Тип элемента:</p></th><td style=\"text-align: left;\"><p>Стартовое событие</p></td></tr></thead><tbody><tr><th style=\"text-align: left;\"><p>Условия старта:</p></th><td style=\"text-align: left;\"><p>Сделка с клиентом проработана</p></td></tr><tr><th style=\"text-align: left;\"><p>Исполнитель:</p></th><td style=\"text-align: left;\"><p>Менеджер по продажам</p></td></tr><tr><th style=\"text-align: left;\"><p>UI:</p></th><td style=\"text-align: left;\"><p><br /></p></td></tr><tr><th style=\"text-align: left;\"><p>Действия при запуске процесса:</p></th><td style=\"text-align: left;\"><p>Установить тип сделки = продажа</p></td></tr></tbody></table><h3 class=\"auto-cursor-target\">Проверка клиента на благонадёжность</h3><table class=\"relative-table wrapped\" style=\"width: 51.3983%;\"><colgroup><col style=\"width: 42.0588%;\" /><col style=\"width: 57.7942%;\" /></colgroup><thead><tr><th style=\"text-align: left;\"><p>Тип элемента:</p></th><td style=\"text-align: left;\"><p>Подпроцесс</p></td></tr></thead><tbody><tr><th style=\"text-align: left;\"><p>Действия на входе:</p></th><td style=\"text-align: left;\"><p>запуск подпроцесса <ac:link><ri:page ri:space-key=\"VKEd\" ri:content-title=\"Подпроцесс:  Проверка благонадёжности\" /><ac:plain-text-link-body><![CDATA[\"Проверка благонадёжности\"]]></ac:plain-text-link-body></ac:link></p></td></tr><tr><th style=\"text-align: left;\"><p>Исполнитель:</p></th><td style=\"text-align: left;\"><p>-</p></td></tr><tr><th style=\"text-align: left;\"><span style=\"color: rgb(0,0,0);\">UI:</span></th><td style=\"text-align: left;\"><br /></td></tr><tr><th style=\"text-align: left;\"><p>Действия на выходе:</p></th><td style=\"text-align: left;\"><p>-</p></td></tr></tbody></table><h3>Юридическая проверка сделки</h3><table class=\"relative-table wrapped\" style=\"width: 46.4097%;\"><colgroup><col style=\"width: 31.2703%;\" /><col style=\"width: 68.5668%;\" /></colgroup><thead><tr><th style=\"text-align: left;\"><p>Тип элемента:</p></th><td style=\"text-align: left;\"><p>Подпроцесс</p></td></tr></thead><tbody><tr><th style=\"text-align: left;\"><p>Действия на входе:</p></th><td style=\"text-align: left;\"><p>запуск подпроцесса <ac:link><ri:page ri:space-key=\"VKEd\" ri:content-title=\"Подпроцесс: Юридическая проверка\" /><ac:plain-text-link-body><![CDATA[\"Юридическая проверка\"]]></ac:plain-text-link-body></ac:link></p></td></tr><tr><th style=\"text-align: left;\"><p>Исполнитель:</p></th><td style=\"text-align: left;\"><p>-</p></td></tr><tr><th style=\"text-align: left;\"><span style=\"color: rgb(0,0,0);\">UI:</span></th><td style=\"text-align: left;\"><br /></td></tr><tr><th style=\"text-align: left;\"><p>Действия на выходе:</p></th><td style=\"text-align: left;\"><p>-</p></td></tr></tbody></table><h3>Финансовая проверка сделки</h3><table class=\"relative-table wrapped\" style=\"width: 46.4097%;\"><colgroup><col style=\"width: 31.2703%;\" /><col style=\"width: 68.5668%;\" /></colgroup><thead><tr><th style=\"text-align: left;\"><p>Тип элемента:</p></th><td style=\"text-align: left;\"><p>Подпроцесс</p></td></tr></thead><tbody><tr><th style=\"text-align: left;\"><p>Действия на входе:</p></th><td style=\"text-align: left;\"><p>запуск подпроцесса <ac:link><ri:page ri:space-key=\"VKEd\" ri:content-title=\"Подпроцесс:  Финансовая проверка\" /><ac:plain-text-link-body><![CDATA[\"Финансовая проверка\"]]></ac:plain-text-link-body></ac:link></p></td></tr><tr><th style=\"text-align: left;\"><p>Исполнитель:</p></th><td style=\"text-align: left;\"><p>-</p></td></tr><tr><th style=\"text-align: left;\"><span style=\"color: rgb(0,0,0);\">UI:</span></th><td style=\"text-align: left;\"><br /></td></tr><tr><th style=\"text-align: left;\"><p>Действия на выходе:</p></th><td style=\"text-align: left;\"><p>-</p></td></tr></tbody></table><h3>Согласование сделки</h3><table class=\"relative-table wrapped\" style=\"width: 46.4097%;\"><colgroup><col style=\"width: 31.2703%;\" /><col style=\"width: 68.5668%;\" /></colgroup><thead><tr><th style=\"text-align: left;\"><p>Тип элемента:</p></th><td style=\"text-align: left;\"><p>Подпроцесс</p></td></tr></thead><tbody><tr><th style=\"text-align: left;\"><p>Действия на входе:</p></th><td style=\"text-align: left;\"><p>запуск подпроцесса <ac:link><ri:page ri:space-key=\"VKEd\" ri:content-title=\"Подпроцесс: Согласование\" /><ac:plain-text-link-body><![CDATA[\"Согласование\"]]></ac:plain-text-link-body></ac:link></p></td></tr><tr><th style=\"text-align: left;\"><p>Исполнитель:</p></th><td style=\"text-align: left;\"><p>-</p></td></tr><tr><th style=\"text-align: left;\"><span style=\"color: rgb(0,0,0);\">UI:</span></th><td style=\"text-align: left;\"><br /></td></tr><tr><th style=\"text-align: left;\"><p>Действия на выходе:</p></th><td style=\"text-align: left;\"><p>-</p></td></tr></tbody></table><h3 class=\"auto-cursor-target\">Сделка согласована?</h3><table class=\"relative-table wrapped\" style=\"width: 46.0317%;\"><colgroup><col style=\"width: 31.6913%;\" /><col style=\"width: 68.1445%;\" /></colgroup><thead><tr><th style=\"text-align: left;\"><p>Тип элемента:</p></th><td style=\"text-align: left;\"><p>Развилка ИЛИ</p></td></tr></thead><tbody><tr><th style=\"text-align: left;\"><p>Условия развилки:</p></th><td style=\"text-align: left;\"><p><strong>Да:</strong> Выполняется если сделка согласована</p><p><strong>Нет:</strong>&nbsp;При остальных условиях</p></td></tr></tbody></table><h3>Сделка не согласована</h3><table class=\"relative-table wrapped\" style=\"width: 46.1829%;\"><colgroup><col style=\"width: 31.5875%;\" /><col style=\"width: 68.2487%;\" /></colgroup><thead><tr><th style=\"text-align: left;\"><p>Тип элемента:</p></th><td style=\"text-align: left;\"><p>Отменяющие событие</p></td></tr></thead><tbody><tr><th style=\"text-align: left;\"><p>Результат:</p></th><td style=\"text-align: left;\">Сдлека не принимается&nbsp;</td></tr></tbody></table><h3>Конкурс?</h3><table class=\"relative-table wrapped\" style=\"width: 46.0317%;\"><colgroup><col style=\"width: 31.6913%;\" /><col style=\"width: 68.1445%;\" /></colgroup><thead><tr><th style=\"text-align: left;\"><p>Тип элемента:</p></th><td style=\"text-align: left;\"><p>Развилка ИЛИ</p></td></tr></thead><tbody><tr><th style=\"text-align: left;\"><p>Условия развилки:</p></th><td style=\"text-align: left;\"><p><strong>Да:</strong> Выполняется если тип сделки = конкурс</p><p><strong>Нет:</strong>&nbsp;При остальных условиях</p></td></tr></tbody></table><h3>Отправить клиенту финальное предложение</h3><table class=\"relative-table wrapped\" style=\"width: 46.4097%;\"><colgroup><col style=\"width: 31.2703%;\" /><col style=\"width: 68.5668%;\" /></colgroup><thead><tr><th style=\"text-align: left;\"><p>Тип элемента:</p></th><td style=\"text-align: left;\"><p>Пользовательская задача</p></td></tr></thead><tbody><tr><th style=\"text-align: left;\"><p>Действия на входе:</p></th><td style=\"text-align: left;\"><p>-</p></td></tr><tr><th style=\"text-align: left;\"><p>Исполнитель:</p></th><td style=\"text-align: left;\"><p>Менеджер по продажам</p></td></tr><tr><th style=\"text-align: left;\"><span style=\"color: rgb(0,0,0);\">UI:</span></th><td style=\"text-align: left;\"><br /></td></tr><tr><th style=\"text-align: left;\"><p>Действия на выходе:</p></th><td style=\"text-align: left;\"><p>Отправка клиенту финансового предложения</p></td></tr></tbody></table><h3>Сделка согласована</h3><table class=\"relative-table wrapped\" style=\"width: 46.1829%;\"><colgroup><col style=\"width: 31.5875%;\" /><col style=\"width: 68.2487%;\" /></colgroup><thead><tr><th style=\"text-align: left;\"><p>Тип элемента:</p></th><td style=\"text-align: left;\"><p>Завершающие событие</p></td></tr></thead><tbody><tr><th style=\"text-align: left;\"><p>Результат:</p></th><td style=\"text-align: left;\">Компания берёт сделку в работу</td></tr></tbody></table><h3>Направить заявку на конкурс</h3><table class=\"relative-table wrapped\" style=\"width: 46.4097%;\"><colgroup><col style=\"width: 31.2703%;\" /><col style=\"width: 68.5668%;\" /></colgroup><thead><tr><th style=\"text-align: left;\"><p>Тип элемента:</p></th><td style=\"text-align: left;\"><p>Пользовательская задача</p></td></tr></thead><tbody><tr><th style=\"text-align: left;\"><p>Действия на входе:</p></th><td style=\"text-align: left;\"><p>-</p></td></tr><tr><th style=\"text-align: left;\"><p>Исполнитель:</p></th><td style=\"text-align: left;\"><p>Сотрудник тендерного отдела</p></td></tr><tr><th style=\"text-align: left;\"><span style=\"color: rgb(0,0,0);\">UI:</span></th><td style=\"text-align: left;\"><br /></td></tr><tr><th style=\"text-align: left;\"><p>Действия на выходе:</p></th><td style=\"text-align: left;\"><p>Отправка заявки на конкус&nbsp;</p></td></tr></tbody></table><h3>Заявка на конкурс подана</h3><table class=\"relative-table wrapped\" style=\"width: 46.1829%;\"><colgroup><col style=\"width: 31.5875%;\" /><col style=\"width: 68.2487%;\" /></colgroup><thead><tr><th style=\"text-align: left;\"><p>Тип элемента:</p></th><td style=\"text-align: left;\"><p>Завершающие событие</p></td></tr></thead><tbody><tr><th style=\"text-align: left;\"><p>Результат:</p></th><td style=\"text-align: left;\"><p>Компания подала заявку на конкурс</p></td></tr></tbody></table><p class=\"auto-cursor-target\"><br /></p><p class=\"auto-cursor-target\"><br /></p><p class=\"auto-cursor-target\"><br /></p><p class=\"auto-cursor-target\"><br /></p><p class=\"auto-cursor-target\"><br /></p>","parent":"797345985","lastModifiedBy":"Vishnyakov Alesandr","lastModifiedByUrl":"https://confluence.vk.team/display/~a.vischniyakov@mail.msk","lastModifiedOn":"20220424","position":0},{"id":797348298,"title":"Модель данных (Вишняков)","source":"<h1>Модель данных</h1><p><ac:structured-macro ac:name=\"drawio-sketch\" ac:schema-version=\"1\" ac:macro-id=\"a15274f8-854f-4b5b-a96d-c483670dd109\"><ac:parameter ac:name=\"border\">true</ac:parameter><ac:parameter ac:name=\"diagramName\">Модель данных</ac:parameter><ac:parameter ac:name=\"simpleViewer\">false</ac:parameter><ac:parameter ac:name=\"links\">auto</ac:parameter><ac:parameter ac:name=\"tbstyle\">top</ac:parameter><ac:parameter ac:name=\"lbox\">true</ac:parameter><ac:parameter ac:name=\"diagramWidth\">561</ac:parameter><ac:parameter ac:name=\"revision\">1</ac:parameter></ac:structured-macro></p><h2><span>Информация по новой сделке</span></h2><table class=\"wrapped\"><tbody><tr><td style=\"text-align: left;\"><p><span>Наименование проекта</span></p></td><td style=\"text-align: left;\" colspan=\"4\"><p><em><span>Заполняется менеджером по продажам</span></em></p></td></tr><tr><td style=\"text-align: left;\"><p><span>Дата начала</span></p></td><td style=\"text-align: left;\" colspan=\"4\"><p><em><span>Заполняется менеджером по продажам</span></em></p></td></tr><tr><td style=\"text-align: left;\"><p><span>Дата окончания</span></p></td><td style=\"text-align: left;\" colspan=\"4\"><p><em><span>Заполняется менеджером по продажам</span></em></p></td></tr><tr><td style=\"text-align: left;\"><p><span>Продолжительность</span></p></td><td style=\"text-align: left;\" colspan=\"4\"><p><em><span>Заполняется менеджером по продажам</span></em></p></td></tr><tr><td style=\"text-align: left;\"><p><span>Менеджер по продаже</span></p></td><td style=\"text-align: left;\" colspan=\"4\"><p><em><span>Заполняется менеджером по продажам</span></em></p></td></tr><tr><td style=\"text-align: left;\"><p><span>Департаменты</span></p></td><td style=\"text-align: left;\" colspan=\"4\"><p><em><span>Указать один или несколько департаментов участвующих в проекте</span></em></p><ul><li><span>Бизнес-приложения</span></li><li><span>Инфраструктурные решения</span></li><li><span>Сервисные решения</span></li></ul></td></tr><tr><td style=\"text-align: left;\"><p><span>Тип сделки</span></p></td><td style=\"text-align: left;\" colspan=\"4\"><p><em><span>Оставить одно:</span></em></p><ul><li><span>Продажа</span></li><li><span>Конкурс</span></li></ul></td></tr><tr><td style=\"text-align: left;\"><p><strong>Информация о конкурсе</strong></p></td><td style=\"text-align: left;\" colspan=\"4\"><p><em><span>Удалить раздел если тип сделки продажа</span></em></p></td></tr><tr><td style=\"text-align: left;\"><p><span>Ссылка на конкурс</span></p></td><td style=\"text-align: left;\" colspan=\"4\"><p><em><span>Заполняется менеджером по продажам, указывается ссылка на конкурс на тендерной площадке</span></em></p></td></tr><tr><td style=\"text-align: left;\"><p><span>Ответственный от тендерной группы</span></p></td><td style=\"text-align: left;\" colspan=\"4\"><p><em><span>Заполняется сотрудником тендерной группы</span></em></p></td></tr><tr><td style=\"text-align: left;\"><p><span>Закон</span></p></td><td style=\"text-align: left;\" colspan=\"4\"><p><em><span>Указывается закон по которому играется тендер. Оставьте один вариант:</span></em></p><ul><li><span>44-ФЗ</span></li><li><span>223-ФЗ</span></li><li><span>275-ФЗ (Гособоронзаказ)</span></li><li><span>Коммерческий</span></li></ul></td></tr><tr><td style=\"text-align: left;\"><p><span>Крайний срок ответа</span></p></td><td style=\"text-align: left;\" colspan=\"4\"><p><em><span>Заполняется сотрудником тендерной группы, указывается дата и время</span></em></p></td></tr><tr><td style=\"text-align: left;\"><p><span>Дата объявления результата</span></p></td><td style=\"text-align: left;\" colspan=\"4\"><p><em><span>Заполняется сотрудником тендерного отдела</span></em></p></td></tr><tr><td style=\"text-align: left;\"><p><strong>Контакты организатора торгов</strong></p></td><td style=\"text-align: left;\" colspan=\"4\"><p><em><span>Удалить раздел если тип сделки продажа</span></em></p></td></tr><tr><td style=\"text-align: left;\"><p><span>ФИО</span></p></td><td style=\"text-align: left;\" colspan=\"4\"><p><em><span>Заполняется сотрудником тендерного отдела</span></em></p></td></tr><tr><td style=\"text-align: left;\"><p><span>Телефон</span></p></td><td style=\"text-align: left;\" colspan=\"4\"><p><em><span>Заполняется сотрудником тендерного отдела</span></em></p></td></tr><tr><td style=\"text-align: left;\"><p><span>Email</span></p></td><td style=\"text-align: left;\" colspan=\"4\"><p><em><span>Заполняется сотрудником тендерного отдела</span></em></p></td></tr><tr><td style=\"text-align: left;\"><p><strong>Юридическая проверка</strong></p></td><td style=\"text-align: left;\" colspan=\"4\"><br /></td></tr><tr><td style=\"text-align: left;\"><p><span>Юрист</span></p></td><td style=\"text-align: left;\" colspan=\"4\"><p><em><span>Заполняется руководителем юридического отдела, указывается ФИО сотрудником</span></em></p></td></tr><tr><td style=\"text-align: left;\"><p><span>Дата начала проверки</span></p></td><td style=\"text-align: left;\" colspan=\"4\"><p><em><span>Заполняется руководителем юридического отдела</span></em></p></td></tr><tr><td style=\"text-align: left;\"><p><span>Дата завершения проверки</span></p></td><td style=\"text-align: left;\" colspan=\"4\"><p><em><span>Заполняется юристом</span></em></p></td></tr><tr><td style=\"text-align: left;\"><p><span>Заключение</span></p></td><td style=\"text-align: left;\" colspan=\"4\"><p><em><span>Заполняется юристом</span></em></p></td></tr><tr><td style=\"text-align: left;\"><p><strong>Финансовая инфо</strong></p></td><td style=\"text-align: left;\" colspan=\"4\"><br /></td></tr><tr><td style=\"text-align: left;\"><p><span>Сумма соглашения</span></p></td><td style=\"text-align: left;\" colspan=\"4\"><p><em><span>Заполняется менеджером по продажам</span></em></p></td></tr><tr><td style=\"text-align: left;\"><p><span>Валюта</span></p></td><td style=\"text-align: left;\" colspan=\"4\"><p><em><span>Заполняется менеджером по продажам</span></em></p></td></tr><tr><td style=\"text-align: left;\"><p><span>Отсрочка платежа клиенту</span></p></td><td style=\"text-align: left;\" colspan=\"4\"><p><em><span>Заполняется менеджером по продажам</span></em></p></td></tr><tr><td style=\"text-align: left;\"><p><span>Финансист</span></p></td><td style=\"text-align: left;\" colspan=\"4\"><p><em><span>Заполняется финансистом, указывается ФИО сотрудником</span></em></p></td></tr><tr><td style=\"text-align: left;\"><p><span>Дата начала проверки</span></p></td><td style=\"text-align: left;\" colspan=\"4\"><p><em><span>Заполняется менеджером</span></em></p></td></tr><tr><td style=\"text-align: left;\"><p><span>Дата завершения проверки</span></p></td><td style=\"text-align: left;\" colspan=\"4\"><p><em><span>Заполняется финансистом</span></em></p></td></tr><tr><td style=\"text-align: left;\"><p><span>Заключение</span></p></td><td style=\"text-align: left;\" colspan=\"4\"><p><em><span>Заполняется финансистом</span></em></p></td></tr><tr><td style=\"text-align: left;\" colspan=\"5\"><p><strong>Необходимые специалисты</strong></p><p><em><span>Заполняется менеджером по продажам, заполняется для департамента Бизнес-приложения и Инфраструктурные решения, Сервисные решения</span></em></p></td></tr><tr><td style=\"text-align: left;\"><p><span>Роль</span></p></td><td style=\"text-align: left;\"><p><span>Трудозатраты</span></p></td><td style=\"text-align: left;\"><p><span>Период</span></p></td><td style=\"text-align: left;\"><p><span>Ставка</span></p></td><td style=\"text-align: left;\"><p><span>Сумма</span></p></td></tr><tr><td style=\"text-align: left;\"><p><span>&hellip;</span></p></td><td style=\"text-align: left;\"><p><span>&hellip;</span></p></td><td style=\"text-align: left;\"><p><span>&hellip;</span></p></td><td style=\"text-align: left;\"><p><span>&hellip;</span></p></td><td style=\"text-align: left;\"><p><span>&hellip;</span></p></td></tr><tr><td style=\"text-align: left;\" colspan=\"5\"><p><strong>Необходимое оборудование</strong></p><p><em><span>Заполняется менеджером по продажам, заполняется для департамента Бизнес-приложения</span></em></p></td></tr><tr><td style=\"text-align: left;\"><p><span>Наименование</span></p></td><td style=\"text-align: left;\"><p><span>Кол-во</span></p></td><td style=\"text-align: left;\"><p><span>Цена за единицу</span></p></td><td style=\"text-align: left;\" colspan=\"2\"><p><span>Сумма</span></p></td></tr><tr><td style=\"text-align: left;\"><p><span>&hellip;</span></p></td><td style=\"text-align: left;\"><p><span>&hellip;</span></p></td><td style=\"text-align: left;\"><p><span>&hellip;</span></p></td><td style=\"text-align: left;\" colspan=\"2\"><p><span>&hellip;</span></p></td></tr></tbody></table><h2><span>Справка о клиенте&nbsp;</span></h2><table class=\"relative-table wrapped\" style=\"width: 81.7839%;\"><colgroup><col style=\"width: 44.4547%;\" /><col style=\"width: 55.4528%;\" /></colgroup><tbody><tr><td style=\"text-align: left;\"><p><span>Краткая справка о клиенте</span></p></td><td style=\"text-align: left;\"><p><em><span>Заполняется маркетинговым аналитиком</span></em></p></td></tr><tr><td style=\"text-align: left;\"><p><span>Год основания</span></p></td><td style=\"text-align: left;\"><p><em><span>Заполняется маркетинговым аналитиком</span></em></p></td></tr><tr><td style=\"text-align: left;\"><p><span>Совладельцы Головная компания Наименование</span></p></td><td style=\"text-align: left;\"><p><em><span>Заполняется маркетинговым аналитиком</span></em></p></td></tr><tr><td style=\"text-align: left;\"><p><span>Город нахождения</span></p></td><td style=\"text-align: left;\"><p><em><span>Заполняется маркетинговым аналитиком</span></em></p></td></tr><tr><td style=\"text-align: left;\"><p><span>Кол-во филиалов, представительств</span></p></td><td style=\"text-align: left;\"><p><em><span>Заполняется маркетинговым аналитиком</span></em></p></td></tr><tr><td style=\"text-align: left;\"><p><span>Численность сотрудников</span></p></td><td style=\"text-align: left;\"><p><em><span>Заполняется маркетинговым аналитиком</span></em></p></td></tr><tr><td style=\"text-align: left;\"><p><span>Уставной капитал</span></p></td><td style=\"text-align: left;\"><p><em><span>Заполняется маркетинговым аналитиком</span></em></p></td></tr><tr><td style=\"text-align: left;\"><p><span>Индекс должной осмотрительности</span></p></td><td style=\"text-align: left;\"><p><em><span>Заполняется маркетинговым аналитиком, значение от 0 до 1</span></em></p></td></tr><tr><td style=\"text-align: left;\"><p><span>Индекс финансового риска</span></p></td><td style=\"text-align: left;\"><p><em><span>Заполняется маркетинговым аналитиком, значение от 0 до 1</span></em></p></td></tr><tr><td style=\"text-align: left;\"><p><span>Индекс платежной дисциплины</span></p></td><td style=\"text-align: left;\"><p><em><span>Заполняется маркетинговым аналитиком, значение от 0 до 1</span></em></p></td></tr><tr><td style=\"text-align: left;\"><p><span>Выручка от продаж за предыдущий год</span></p></td><td style=\"text-align: left;\"><p><em><span>Заполняется маркетинговым аналитиком</span></em></p></td></tr><tr><td style=\"text-align: left;\"><p><span>Прибыль (убыток) за предыдущий год</span></p></td><td style=\"text-align: left;\"><p><em><span>Заполняется маркетинговым аналитиком</span></em></p></td></tr><tr><td style=\"text-align: left;\"><p><span>Риск</span></p></td><td style=\"text-align: left;\"><p><em><span>Выбрать одно значение:</span></em></p><ul><li><span>Высокий</span></li><li><span>Средний</span></li><li><span>Низкий</span></li></ul></td></tr><tr><td style=\"text-align: left;\"><p><span>Заключение (Комментарий к риску)</span></p></td><td style=\"text-align: left;\"><p><em><span>Заполняется маркетинговым аналитиком</span></em></p></td></tr><tr><td style=\"text-align: left;\"><p><span>Текущая сумма по соглашениям с клиентом на данный момент</span></p></td><td style=\"text-align: left;\"><p><em><span>Заполняется сотрудником группы поддержки клиентов</span></em></p></td></tr><tr><td style=\"text-align: left;\"><p><span>Задолженность&nbsp;</span></p></td><td style=\"text-align: left;\"><p><em><span>Заполняется сотрудником группы поддержки клиентов</span></em></p></td></tr><tr><td style=\"text-align: left;\"><p><span>Наличие судебных дел с клиентом</span></p></td><td style=\"text-align: left;\"><p><em><span>Заполняется сотрудником группы поддержки клиентов, дается развернутая инфо когда, почему, кто выиграл</span></em></p></td></tr></tbody></table><p class=\"auto-cursor-target\"><br /></p>","parent":"797345985","lastModifiedBy":"Vishnyakov Alesandr","lastModifiedByUrl":"https://confluence.vk.team/display/~a.vischniyakov@mail.msk","lastModifiedOn":"20220424","position":1},{"id":797348300,"title":"Пользовательский интерфейс (Вишняков)","source":"<h2 class=\"auto-cursor-target\" style=\"\">Структура страниц системы для<span> Менеджера по продажам</span></h2><ul><li><span><span style=\"color: rgb(23,43,77);\">Личный кабинет</span></span><ul><li><span><span style=\"color: rgb(23,43,77);\">Профлиль</span></span></li><li><span><span style=\"color: rgb(23,43,77);\">Настройки</span></span></li><li><span><span style=\"color: rgb(23,43,77);\">Статистика</span></span></li></ul></li><li><span><span style=\"color: rgb(23,43,77);\">Сделки</span></span><br /><ul><li>Создать сделку</li><li><span><span style=\"color: rgb(23,43,77);\">Тендерные предложения</span></span><ul><li><span><span style=\"color: rgb(23,43,77);\">список предложений</span></span></li></ul></li><li><span><span style=\"color: rgb(23,43,77);\">Список сделок в работе</span></span><ul><li>статус</li><li>документы<ul><li>сравнить версии</li><li>финансовый отчёт</li><li>юридический отчёт</li><li>проверка благонадёжности</li><li>результат согласования</li></ul></li><li>кол-во дней в работе</li><li>крайний срок</li></ul></li></ul></li></ul><h2 class=\"auto-cursor-target\" style=\"\">Структура страниц системы для<span> Юриста</span></h2><ul><li><span><span style=\"color: rgb(23,43,77);\">Личный кабинет</span></span><ul><li><span><span style=\"color: rgb(23,43,77);\">Профлиль</span></span></li><li><span><span style=\"color: rgb(23,43,77);\">Настройки</span></span></li><li><span><span style=\"color: rgb(23,43,77);\">Статистика</span></span></li></ul></li><li><span><span style=\"color: rgb(23,43,77);\">Сделки</span></span><ul><li><span>очередь сделок</span></li><li><span>сделка в работе</span><ul><li><span>время в работе (у юриста)</span></li><li>документы<ul><li>сравнить версии</li><li>финансовый отчёт</li><li>юридический отчёт</li><li>проверка благонадёжности</li><li>статус&nbsp;</li><li>риск</li><li>крайний срок</li></ul></li></ul></li><li>история сделок</li></ul></li></ul><h2 class=\"auto-cursor-target\" style=\"\">Структура страниц системы для<span> Финансиста</span></h2><ul><li><span><span style=\"color: rgb(23,43,77);\">Личный кабинет</span></span><ul><li><span><span style=\"color: rgb(23,43,77);\">Профлиль</span></span></li><li><span><span style=\"color: rgb(23,43,77);\">Настройки</span></span></li><li><span><span style=\"color: rgb(23,43,77);\">Статистика</span></span></li></ul></li><li><span><span style=\"color: rgb(23,43,77);\">Сделки</span></span><ul><li><span>очередь сделок</span></li><li><span>сделка в работе</span><ul><li><span>время в работе (у финансиста)</span></li><li>документы<ul><li>сравнить версии</li><li>финансовый отчёт</li><li>юридический отчёт</li><li>проверка благонадёжности</li><li>статус&nbsp;</li><li>риск</li><li>крайний срок</li></ul></li></ul></li><li>история сделок</li></ul></li></ul><h2 class=\"auto-cursor-target\" style=\"\">Структура страниц системы для<span> Сотрудника <span style=\"color: rgb(23,43,77);\">тендерного отдела</span></span></h2><ul><li><span><span style=\"color: rgb(23,43,77);\">Личный кабинет</span></span><ul><li><span><span style=\"color: rgb(23,43,77);\">Профлиль</span></span></li><li><span><span style=\"color: rgb(23,43,77);\">Настройки</span></span></li><li><span><span style=\"color: rgb(23,43,77);\">Статистика</span></span></li></ul></li><li>список конкурсов в TMS</li><li>список конкурсов в работе<ul><li>подготовка документов</li><li>отправка документов на конкурс</li></ul></li><li>история конкурсов</li></ul><h2 class=\"auto-cursor-target\" style=\"\">Структура страниц системы для<span> <span style=\"color: rgb(23,43,77);\">Маркетинговый аналитик</span></span></h2><ul><li><span><span style=\"color: rgb(23,43,77);\">Личный кабинет</span></span><ul><li><span><span style=\"color: rgb(23,43,77);\">Профлиль</span></span></li><li><span><span style=\"color: rgb(23,43,77);\">Настройки</span></span></li><li><span><span style=\"color: rgb(23,43,77);\">Статистика</span></span></li></ul></li><li><span><span style=\"color: rgb(23,43,77);\">Сделки</span></span><ul><li><span>очередь справок на проверку</span></li><li><span>проверка справок</span></li></ul></li></ul><h2 class=\"auto-cursor-target\" style=\"\">Структура страниц системы для<span> <span style=\"color: rgb(23,43,77);\">Руководителя департамента</span></span></h2><ul><li><span><span style=\"color: rgb(23,43,77);\">Личный кабинет</span></span><ul><li><span><span style=\"color: rgb(23,43,77);\">Профлиль</span></span></li><li><span><span style=\"color: rgb(23,43,77);\">Настройки</span></span></li><li><span><span style=\"color: rgb(23,43,77);\">Статистика</span></span></li></ul></li><li><span><span style=\"color: rgb(23,43,77);\">Список сделок для согласования</span></span><ul><li><span><span style=\"color: rgb(23,43,77);\">гололсование по сделке</span></span></li><li>статус</li><li>документы<ul><li>сравнить версии</li><li>финансовый отчёт</li><li>юридический отчёт</li><li>проверка благонадёжности</li><li>результат согласования</li></ul></li><li>кол-во дней в работе</li><li>крайний срок&nbsp;</li></ul></li></ul><h2 class=\"auto-cursor-target\" style=\"\">Структура страниц системы для<span> <span style=\"color: rgb(23,43,77);\">Руководитель отдела</span></span></h2><ul><li><span><span style=\"color: rgb(23,43,77);\">Личный кабинет</span></span><ul><li><span><span style=\"color: rgb(23,43,77);\">Профлиль</span></span></li><li><span><span style=\"color: rgb(23,43,77);\">Настройки</span></span></li><li><span><span style=\"color: rgb(23,43,77);\">Статистика</span></span></li></ul></li><li><span><span style=\"color: rgb(23,43,77);\">Список сделок в очереди</span></span></li><li>Список сделок в работе&nbsp;<ul><li>сотрудник назначенны на задачу</li><li>время в работе&nbsp;</li></ul></li><li>Список сотрудников<ul><li>задача сотрудника в работе</li><li>время в работе&nbsp;</li></ul></li></ul><h2 class=\"auto-cursor-target\" style=\"\">Структура страниц системы для Исполнительного и генерального директора</h2><ul><li><span><span style=\"color: rgb(23,43,77);\">Личный кабинет</span></span><ul><li><span><span style=\"color: rgb(23,43,77);\">Профлиль</span></span></li><li><span><span style=\"color: rgb(23,43,77);\">Настройки</span></span></li><li><span><span style=\"color: rgb(23,43,77);\">Статистика</span></span></li></ul></li><li><span><span style=\"color: rgb(23,43,77);\">Список сделок для согласования</span></span><ul><li><span><span style=\"color: rgb(23,43,77);\">гололсование по сделке</span></span></li><li>статус</li><li>документы<ul><li>сравнить версии</li><li>финансовый отчёт</li><li>юридический отчёт</li><li>проверка благонадёжности</li><li>результат согласования</li></ul></li><li>кол-во дней в работе</li><li>крайний срок&nbsp;</li></ul></li><li><span>очередь сделок</span></li><li>история сделок</li></ul>","parent":"797345985","lastModifiedBy":"Vishnyakov Alesandr","lastModifiedByUrl":"https://confluence.vk.team/display/~a.vischniyakov@mail.msk","lastModifiedOn":"20220424","position":3},{"id":797348302,"title":"Пользователи и роли (Вишняков)","source":"<p class=\"auto-cursor-target\"><br /></p><table class=\"relative-table wrapped\" style=\"width: 93.5752%;\"><colgroup><col style=\"width: 19.9515%;\" /><col style=\"width: 55.2504%;\" /><col style=\"width: 24.7173%;\" /></colgroup><tbody><tr><th scope=\"col\">Роль</th><th scope=\"col\">Описание роли</th><th scope=\"col\">Права доступа</th></tr><tr><td style=\"text-align: left;\"><p>Администратор</p></td><td style=\"text-align: left;\"><p><span><br /></span></p></td><td><br /></td></tr><tr><td style=\"text-align: left;\"><p><span>Генеральный директор</span></p></td><td style=\"text-align: left;\"><p><span>В некоторых случаях принимает решение о реализации проекта компанией, когда решение не могут принять подчиненные или высоки риски</span></p></td><td><br /></td></tr><tr><td style=\"text-align: left;\"><p><span>Исполнительный директор</span></p></td><td style=\"text-align: left;\"><p><span>В некоторых случаях принимает решение о реализации проекта компанией</span></p></td><td><br /></td></tr><tr><td style=\"text-align: left;\"><p><span>Маркетинговый аналитик</span></p></td><td style=\"text-align: left;\"><p><span>Проверяет клиентов на благонадежность</span></p><p><span>Подготавливает справку о клиентах на основании данных из открытых источников</span></p></td><td><br /></td></tr><tr><td style=\"text-align: left;\"><p><span>Менеджер по продажам (Менеджер)</span></p></td><td style=\"text-align: left;\"><p><span>Взаимодействует с клиентами</span></p><p><span>Готовит коммерческое предложение и согласовывает его с клиентом</span></p></td><td><br /></td></tr><tr><td style=\"text-align: left;\"><p><span>Руководитель департамента</span></p></td><td style=\"text-align: left;\"><p><span>Принимает решение об участии подразделения в проекте. В компании 3 департамента:</span></p><ul><li><span>Бизнес-приложения</span></li><li><span>Инфраструктурные решения</span></li><li><span>Сервисные решения</span></li></ul></td><td><br /></td></tr><tr><td style=\"text-align: left;\"><p><span>Руководитель юридического отдела</span></p></td><td style=\"text-align: left;\"><p><span>Занимается распределением всех входящих запросов между юристами</span></p></td><td><br /></td></tr><tr><td style=\"text-align: left;\"><p><span>Сотрудник группы поддержки клиентов</span></p></td><td style=\"text-align: left;\"><p><span>Заполняет справку о клиенте информацией о взаимоотношениях с клиентом</span></p></td><td><br /></td></tr><tr><td style=\"text-align: left;\"><p><span>Сотрудник тендерного отдела (СТО)</span></p></td><td style=\"text-align: left;\"><p><span>Производит поиск подходящих конкурсов на тендерных площадках, готовит документацию и подает заявку на конкурс</span></p></td><td><br /></td></tr><tr><td style=\"text-align: left;\"><p><span>Финансист</span></p></td><td style=\"text-align: left;\"><p><span>Проверяет условия по сделке, связанные с оплатой, отсрочкой, получением денег. Проверяет расчет рентабельности по<span>&nbsp;</span>сделке</span></p></td><td><br /></td></tr><tr><td style=\"text-align: left;\"><p><span>Юрист</span></p></td><td style=\"text-align: left;\"><p><span>Проверяет условия соглашения, связанные с правовыми рисками</span></p></td><td><br /></td></tr></tbody></table><p class=\"auto-cursor-target\"><br /></p><p class=\"auto-cursor-target\"><br /></p>","parent":"797345985","lastModifiedBy":"Vishnyakov Alesandr","lastModifiedByUrl":"https://confluence.vk.team/display/~a.vischniyakov@mail.msk","lastModifiedOn":"20220423","position":2},{"id":797348304,"title":"Бизнес правила (Вишняков)","source":"<h1><span>Решение о согласование</span></h1><table class=\"relative-table wrapped\" style=\"width: 88.7377%;\"><colgroup><col style=\"width: 10.7326%;\" /><col style=\"width: 16.0136%;\" /><col style=\"width: 16.0988%;\" /><col style=\"width: 12.8621%;\" /><col style=\"width: 9.62522%;\" /><col style=\"width: 23.7649%;\" /><col style=\"width: 10.8177%;\" /></colgroup><tbody><tr><th colspan=\"5\" scope=\"colgroup\">Входные параметры</th><th scope=\"col\">Выходные параметры</th><th rowspan=\"2\" scope=\"colgroup\">Комментарий</th></tr><tr><th>Тип сделки</th><th>Сумма сделки</th><th>Продолжительность</th><th>Кол-во департаментов</th><th>Риск</th><th>Решение о согласование</th></tr><tr><td><p><span>-</span></p></td><td>&lt; 5 млн.</td><td><span style=\"color: rgb(23,43,77);\">меньше полугода</span></td><td>1</td><td>&lt; высокий</td><td>согласование не нужно</td><td><br /></td></tr><tr><td><p><span>-</span></p></td><td>5 - 10 млн</td><td><span style=\"color: rgb(23,43,77);\">-</span></td><td>-</td><td>&lt; высокий</td><td>согласовать с главами департаментов</td><td><br /></td></tr><tr><td><p><span>-</span></p></td><td>&gt; 10 млн</td><td><span style=\"color: rgb(23,43,77);\">-</span></td><td>-</td><td>-</td><td>согласовать с главами департаментов и директорами</td><td><br /></td></tr><tr><td><p><span>-</span></p></td><td>-</td><td><span style=\"color: rgb(23,43,77);\">более года</span></td><td>-</td><td>высокий</td><td>согласовать с директорами</td><td><br /></td></tr><tr><td><p><span>223-ФЗ</span></p></td><td>-</td><td>-</td><td>-</td><td>-</td><td><span style=\"color: rgb(23,43,77);\">согласовать&nbsp;с исполнительным директором</span></td><td><br /></td></tr><tr><td><span style=\"color: rgb(23,43,77);\">223-ФЗ</span></td><td>-</td><td>-</td><td>-</td><td>высокий</td><td><span style=\"color: rgb(23,43,77);\">согласовать с генеральным<span>&nbsp;</span>директором</span></td><td><br /></td></tr></tbody></table><p class=\"auto-cursor-target\"><br /></p><h1><span>Повышение риска</span></h1><p><span>Если компания ранее судилась с клиентом, то рист повышается на 1 пункт.</span></p>","parent":"797345985","lastModifiedBy":"Vishnyakov Alesandr","lastModifiedByUrl":"https://confluence.vk.team/display/~a.vischniyakov@mail.msk","lastModifiedOn":"20220424","position":5},{"id":797348306,"title":"Интеграция API (Вишняков)","source":"<h1>TMS<span style=\"color: rgb(23,43,77);\"><span>&nbsp;</span>(tender management system)</span></h1><h2>Запрос</h2><table class=\"wrapped\"><colgroup><col /><col /><col /></colgroup><tbody><tr><th scope=\"col\">Название</th><th scope=\"col\">Тип</th><th scope=\"col\">Описание</th></tr><tr><td>newTender</td><td><span>POST</span></td><td><span>Создание нового конкурса</span></td></tr><tr><td>changeTender</td><td><span>PUT</span></td><td><span>Изменение информации о конкурсе</span></td></tr><tr><td>getTender</td><td><span>GET</span></td><td><span>Получение информации о конкурсе</span></td></tr></tbody></table><h2>Ответ</h2><table class=\"wrapped relative-table\" style=\"width: 56.2358%;\"><colgroup><col style=\"width: 0.0665041%;\" /><col style=\"width: 0.0%;\" /><col style=\"width: 9.35495%;\" /><col style=\"width: 11.6935%;\" /><col style=\"width: 8.60215%;\" /><col style=\"width: 8.60215%;\" /><col style=\"width: 22.4462%;\" /><col style=\"width: 39.2473%;\" /></colgroup><tbody><tr><th style=\"text-align: left;\" colspan=\"5\">Название</th><th style=\"text-align: left;\">Тип</th><th style=\"text-align: left;\">Множественность</th><th style=\"text-align: left;\">Описание</th></tr><tr><td colspan=\"3\">tender</td><td><br /></td><td><br /></td><td><span style=\"color: rgb(23,43,77);\">object</span></td><td>1..N</td><td><br /></td></tr><tr><td colspan=\"3\"><br /></td><td>data</td><td><br /></td><td><span style=\"color: rgb(23,43,77);\">string</span></td><td>1..1</td><td><span>Дата объявления результата</span></td></tr><tr><td colspan=\"3\"><br /></td><td>organizer</td><td><br /></td><td><span style=\"color: rgb(23,43,77);\">object</span></td><td>1..1</td><td style=\"text-align: left;\"><p><strong>Контакты организатора торгов</strong></p></td></tr><tr><td colspan=\"3\"><br /></td><td><br /></td><td>FIO</td><td><span style=\"color: rgb(23,43,77);\">string</span></td><td>1..1</td><td style=\"text-align: left;\"><p><span>ФИО</span></p></td></tr><tr><td colspan=\"3\"><br /></td><td><br /></td><td>phone</td><td><span style=\"color: rgb(23,43,77);\">string</span></td><td>1..1</td><td style=\"text-align: left;\"><p><span>Телефон</span></p></td></tr><tr><td colspan=\"3\"><br /></td><td><br /></td><td><span>mail</span></td><td><span style=\"color: rgb(23,43,77);\">string</span></td><td>1..1</td><td style=\"text-align: left;\"><p><span>Email</span></p></td></tr></tbody></table><p class=\"auto-cursor-target\"><br /></p><h1><span style=\"color: rgb(23,43,77);\">Контур-фокус<span>&nbsp;</span></span></h1><h2>Запрос</h2><table class=\"wrapped\"><colgroup><col /><col /><col /></colgroup><tbody><tr><th>Название</th><th>Тип</th><th>Описание</th></tr><tr><td>getС<span style=\"color: rgb(0,0,0);\">lientInfo</span></td><td><span>GET</span></td><td><span>Получить информацию о клиенте</span></td></tr></tbody></table><h2>Ответ</h2><table class=\"wrapped relative-table\" style=\"width: 75.2079%;\"><colgroup><col style=\"width: 8.54272%;\" /><col style=\"width: 25.1256%;\" /><col style=\"width: 7.13568%;\" /><col style=\"width: 16.7839%;\" /><col style=\"width: 42.3116%;\" /></colgroup><tbody><tr><th style=\"text-align: left;\" colspan=\"2\">Название</th><th style=\"text-align: left;\">Тип</th><th style=\"text-align: left;\">Множественность</th><th style=\"text-align: left;\">Описание</th></tr><tr><td>с<span style=\"color: rgb(0,0,0);\">lien</span></td><td><br /></td><td><span style=\"color: rgb(23,43,77);\">object</span></td><td>1..N</td><td style=\"text-align: left;\"><p><span><br /></span></p></td></tr><tr><td><br /></td><td>client_info</td><td>string</td><td>1..1</td><td style=\"text-align: left;\"><p><span>Краткая справка о клиенте</span></p></td></tr><tr><td><br /></td><td>year_of_foundation</td><td>string</td><td>1..1</td><td style=\"text-align: left;\"><p><span>Год основания</span></p></td></tr><tr><td><br /></td><td>owners</td><td>string</td><td>1..N</td><td style=\"text-align: left;\"><p><span>Совладельцы Головная компания Наименование</span></p></td></tr><tr><td><br /></td><td>location_city</td><td>string</td><td>1..N</td><td style=\"text-align: left;\"><p><span>Город нахождения</span></p></td></tr><tr><td><br /></td><td>number_of_branches</td><td>integer</td><td>1..1</td><td style=\"text-align: left;\"><p><span>Кол-во филиалов, представительств</span></p></td></tr><tr><td><br /></td><td>number_of_employees</td><td>integer</td><td>1..1</td><td style=\"text-align: left;\"><p><span>Численность сотрудников</span></p></td></tr><tr><td><br /></td><td>authorized_capital</td><td>integer</td><td>1..1</td><td style=\"text-align: left;\"><p><span>Уставной капитал</span></p></td></tr><tr><td><br /></td><td>due_diligence_index</td><td>float</td><td>1..1</td><td style=\"text-align: left;\"><p><span>Индекс должной осмотрительности</span></p></td></tr><tr><td><br /></td><td>financial_risk_index</td><td>float</td><td>1..1</td><td style=\"text-align: left;\"><p><span>Индекс финансового риска</span></p></td></tr><tr><td><br /></td><td>payment_discipline_index</td><td>float</td><td>1..1</td><td style=\"text-align: left;\"><p><span>Индекс платежной дисциплины</span></p></td></tr><tr><td><br /></td><td>revenue</td><td>integer</td><td>1..1</td><td style=\"text-align: left;\"><p><span>Выручка от продаж за предыдущий год</span></p></td></tr><tr><td><br /></td><td>profit</td><td>integer</td><td>1..1</td><td style=\"text-align: left;\"><p><span>Прибыль (убыток) за предыдущий год</span></p></td></tr><tr><td><br /></td><td>risk&nbsp;</td><td>string</td><td><span>1..1</span></td><td style=\"text-align: left;\"><p><span>Риск</span></p></td></tr></tbody></table><p class=\"auto-cursor-target\"><br /></p><p class=\"auto-cursor-target\"><br /></p><p class=\"auto-cursor-target\"><br /></p>","parent":"797345985","lastModifiedBy":"Vishnyakov Alesandr","lastModifiedByUrl":"https://confluence.vk.team/display/~a.vischniyakov@mail.msk","lastModifiedOn":"20220424","position":6},{"id":797350564,"title":"Use case (Вишняков)","source":"<p style=\"\"><strong>Название сценария:</strong><span> <span style=\"color: rgb(23,43,77);\">согласование новой сделки</span></span></p><p style=\"\"><strong>Цель:</strong><span> Согласовать сделку и отправить заявку на конкурс</span></p><p style=\"\"><strong>Предусловия:</strong><span> найден подходящий конкурс&nbsp;</span></p><ol><li style=\"\"><span>МП: проработка возможной сделки</span></li><li style=\"\"><span>СТО: подготовка документов и заявки на конкурс</span></li><li style=\"\"><span>Система: проверка клиента на благонадёжность</span></li><li style=\"\"><span><span style=\"color: rgb(23,43,77);\">Сотрудник группы поддержки клиентов: подготовка справки о клиенте</span></span></li><li style=\"\">Система: поиск свободного юриста</li><li style=\"\">Система назанчение свободного юриста</li><li style=\"\">Юрист: юридическая проверка</li><li style=\"\">МП: согласование с клиентом</li><li style=\"\">Система назначение финансиста</li><li style=\"\">Финансист: финансовая проверка</li><li>МП: согласование с клиентом</li><li style=\"\">Директора и главы департаментов: принятие решения о согласование&nbsp;</li><li style=\"\">СТО: направление заявки на конкурс</li></ol><p style=\"\"><span><strong style=\"\">Расширения:</strong></span></p><p>1.a. если конкурс не подошёл, то завершение сценария</p><p>7.a. если со сделкой всё хорошо, то переходим к 9</p><p>8.a возвращаемся к шагу 7&nbsp;</p><p>10.a. если со сделкой всё хорошо, то переходим к 12</p><p>11.a. возвращаемся к шагу 10&nbsp;</p><p>12.a. если решение не единое, то повторить 12</p><p>12.b если сделка не согласована завершить процесс</p><hr /><p style=\"\"><strong>Название сценария:</strong><span> <span style=\"color: rgb(23,43,77);\">согласование новой сделки</span></span></p><p style=\"\"><strong>Цель:</strong><span> Согласовать сделку и отправить договор клиенту</span></p><p style=\"\"><strong>Предусловия:</strong><span> сдлека с клиентом достаточно проработана</span></p><ol><li><span>Система: проверка клиента на благонадёжность</span></li><li><span><span style=\"color: rgb(23,43,77);\">Сотрудник группы поддержки клиентов: подготовка справки о клиенте</span></span></li><li>Система: поиск свободного юриста</li><li>Система назанчение свободного юриста</li><li>Юрист: юридическая проверка</li><li>МП: согласование с клиентом</li><li>Система назначение финансиста</li><li>Финансист: финансовая проверка</li><li>МП: согласование с клиентом</li><li>Директора и главы департаментов: принятие решения о согласование</li><li style=\"\">МП: направление клиенту финального предложения</li></ol><p style=\"\"><span><strong style=\"\">Расширения:</strong></span></p><p>5.a. если со сделкой всё хорошо, то переходим к 7</p><p>6.a возвращаемся к шагу 5&nbsp;</p><p>8.a. если со сделкой всё хорошо, то переходим к 10</p><p>9.a. возвращаемся к шагу 8</p><p>10.a. если решение не единое, то повторить 10</p><p>10.b если сделка не согласована завершить процесс</p>","parent":"797345985","lastModifiedBy":"Vishnyakov Alesandr","lastModifiedByUrl":"https://confluence.vk.team/display/~a.vischniyakov@mail.msk","lastModifiedOn":"20220424","position":4},{"id":797350567,"title":"Нотификация (Вишняков)","source":"<h1 class=\"auto-cursor-target\" style=\"\"><span style=\"color: rgb(23,43,77);\">№1 Долгая задача</span></h1><table class=\"wrapped\"><tbody><tr><td style=\"text-align: left;\"><p><strong>Отправитель</strong></p></td><td style=\"text-align: left;\"><p>система</p></td></tr><tr><td style=\"text-align: left;\"><p><strong>Получатель</strong></p></td><td style=\"text-align: left;\"><p><span style=\"color: rgb(23,43,77);\">Руководитель юридического отдела</span></p></td></tr><tr><td style=\"text-align: left;\"><p><strong>Копия</strong></p></td><td style=\"text-align: left;\"><p>-</p></td></tr><tr><td style=\"text-align: left;\"><p><strong>Тема</strong></p></td><td style=\"text-align: left;\">Сделка {название сделки} долго в работе на юристе</td></tr><tr><td style=\"text-align: left;\" colspan=\"2\"><p>Юрист {ФИО юриста} выполняет проверку сделки {название сделки} более 4 дней</p><p>Переназначить &lt;Назначить другого юриста&gt;</p><p>Взять в работу &lt;Узнать в чём дело&gt;</p></td></tr></tbody></table><p class=\"auto-cursor-target\"><br /></p>","parent":"797345985","lastModifiedBy":"Vishnyakov Alesandr","lastModifiedByUrl":"https://confluence.vk.team/display/~a.vischniyakov@mail.msk","lastModifiedOn":"20220424","position":7},{"id":797350598,"title":"Подпроцесс: Юридическая проверка","source":"<p style=\"\"><ac:structured-macro ac:name=\"toc\" ac:schema-version=\"1\" ac:macro-id=\"2656fd2a-f9e2-4250-be10-e03c976de087\" /></p><h1 style=\"\">Информация по процессу</h1><table class=\"relative-table\" style=\"width: 594.384px;\"><thead><tr><th style=\"text-align: left;\"><p><strong>Описание</strong></p></th><td style=\"text-align: left;\">В рамках процесса происходит юридическая проверка сделки</td></tr></thead><colgroup><col style=\"width: 100.234px;\" /><col style=\"width: 493.16px;\" /></colgroup><tbody><tr><th style=\"text-align: left;\"><p><strong>Схема процесса</strong></p></th><td style=\"text-align: left;\"><p><span><a href=\"https://cawemo.com/share/7fdde334-d210-4ec1-a172-f6c8bc860bb6\">https://cawemo.com/share/7fdde334-d210-4ec1-a172-f6c8bc860bb6</a> </span>(Эталонная)</p></td></tr></tbody></table><h1 style=\"\"><span>Описание активностей процесса</span></h1><h3 style=\"\"><span>Требуется провести юридическую проверку сделки</span></h3><table class=\"relative-table\" style=\"width: 442.943px;\"><colgroup><col style=\"width: 205.191px;\" /><col style=\"width: 236.762px;\" /></colgroup><thead><tr><th style=\"text-align: left;\"><p>Тип элемента:</p></th><td style=\"text-align: left;\"><p>Стартовое событие</p></td></tr></thead><tbody><tr><th style=\"text-align: left;\"><p>Условия старта:</p></th><td style=\"text-align: left;\"><p><span>Требуется юридическая</span><span> проверка сделки</span></p></td></tr><tr><th style=\"text-align: left;\"><p>Исполнитель:</p></th><td style=\"text-align: left;\"><p>-</p></td></tr><tr><th style=\"text-align: left;\"><p>UI:</p></th><td style=\"text-align: left;\"><p>-</p></td></tr><tr><th style=\"text-align: left;\"><p>Действия при запуске процесса:</p></th><td style=\"text-align: left;\"><p>-</p></td></tr></tbody></table><h3 class=\"auto-cursor-target\">Определить свободного юриста</h3><table class=\"relative-table\" style=\"width: 440.79px;\"><thead><tr><th style=\"text-align: left;\"><p>Тип элемента:</p></th><td style=\"text-align: left;\"><p>Сервисная задача</p></td></tr></thead><tbody><tr><th style=\"text-align: left;\"><p>Действия на входе:</p></th><td style=\"text-align: left;\"><p>Поиск свободного юриста или юриста завершающего задачу</p></td></tr><tr><th style=\"text-align: left;\"><p>Исполнитель:</p></th><td style=\"text-align: left;\"><p>-</p></td></tr><tr><th style=\"text-align: left;\"><span style=\"color: rgb(0,0,0);\">UI:</span></th><td style=\"text-align: left;\">-</td></tr><tr><th style=\"text-align: left;\"><p>Действия на выходе:</p></th><td style=\"text-align: left;\"><p>Назначение юриста</p></td></tr></tbody></table><h3 class=\"auto-cursor-target\">Провести <span>юридическую </span>проверку</h3><table class=\"relative-table\" style=\"width: 440.79px;\"><thead><tr><th style=\"text-align: left;\"><p>Тип элемента:</p></th><td style=\"text-align: left;\"><p>Пользовательская задача</p></td></tr></thead><tbody><tr><th style=\"text-align: left;\"><p>Действия на входе:</p></th><td style=\"text-align: left;\"><p>-</p></td></tr><tr><th style=\"text-align: left;\"><p>Исполнитель:</p></th><td style=\"text-align: left;\"><p>Юрист</p></td></tr><tr><th style=\"text-align: left;\"><span style=\"color: rgb(0,0,0);\">UI:</span></th><td style=\"text-align: left;\"><br /></td></tr><tr><th style=\"text-align: left;\"><p>Действия на выходе:</p></th><td style=\"text-align: left;\"><p>-</p></td></tr></tbody></table><h3 class=\"auto-cursor-target\">Внести изменение в сделку</h3><table class=\"relative-table\" style=\"width: 440.79px;\"><thead><tr><th style=\"text-align: left;\"><p>Тип элемента:</p></th><td style=\"text-align: left;\"><p>Пользовательская задача</p></td></tr></thead><tbody><tr><th style=\"text-align: left;\"><p>Действия на входе:</p></th><td style=\"text-align: left;\"><p>-</p></td></tr><tr><th style=\"text-align: left;\"><p>Исполнитель:</p></th><td style=\"text-align: left;\"><p><span style=\"color: rgb(23,43,77);\">Менеджер по продажам</span></p></td></tr><tr><th style=\"text-align: left;\"><span style=\"color: rgb(0,0,0);\">UI:</span></th><td style=\"text-align: left;\"><br /></td></tr><tr><th style=\"text-align: left;\"><p>Действия на выходе:</p></th><td style=\"text-align: left;\"><p>-</p></td></tr></tbody></table><h3 class=\"auto-cursor-target\">Проверка выполнена?</h3><table class=\"relative-table\" style=\"width: 437.908px;\"><thead><tr><th style=\"text-align: left;\"><p>Тип элемента:</p></th><td style=\"text-align: left;\"><p>Развилка ИЛИ</p></td></tr></thead><tbody><tr><th style=\"text-align: left;\"><p>Условия развилки:</p></th><td style=\"text-align: left;\"><p><strong>Да:</strong><span>&nbsp;</span>Выполняется если юридическая проверка успешна</p><p><strong>Нет:</strong>&nbsp;При остальных условиях</p></td></tr></tbody></table><h3 class=\"auto-cursor-target\">Юридическая проверка выполнена</h3><table class=\"relative-table\" style=\"width: 439.349px;\"><colgroup><col style=\"width: 138.689px;\" /><col style=\"width: 299.67px;\" /></colgroup><thead><tr><th style=\"text-align: left;\"><p>Тип элемента:</p></th><td style=\"text-align: left;\"><p>Завершающие событие</p></td></tr></thead><tbody><tr><th style=\"text-align: left;\"><p>Результат:</p></th><td style=\"text-align: left;\"><p>Завершение подпроцесса</p></td></tr></tbody></table><p class=\"auto-cursor-target\"><br /></p>","parent":"797346207","lastModifiedBy":"Vishnyakov Alesandr","lastModifiedByUrl":"https://confluence.vk.team/display/~a.vischniyakov@mail.msk","lastModifiedOn":"20220424","position":2},{"id":797350602,"title":"Подпроцесс:  Финансовая проверка","source":"<p style=\"\"><ac:structured-macro ac:name=\"toc\" ac:schema-version=\"1\" ac:macro-id=\"bf6055e9-b004-4e0b-b093-91c85299f313\" /></p><h1 style=\"\">Информация по процессу</h1><table class=\"relative-table\" style=\"width: 594.384px;\"><thead><tr><th style=\"text-align: left;\"><p><strong>Описание</strong></p></th><td style=\"text-align: left;\">В рамках процесса происходит финансовая проверка сделки</td></tr></thead><colgroup><col style=\"width: 100.234px;\" /><col style=\"width: 493.16px;\" /></colgroup><tbody><tr><th style=\"text-align: left;\"><p><strong>Схема процесса</strong></p></th><td style=\"text-align: left;\"><p><span><a href=\"https://cawemo.com/share/130aea00-89d9-4875-9642-d7fef9a69cb0\">https://cawemo.com/share/130aea00-89d9-4875-9642-d7fef9a69cb0</a> </span>(Эталонная)</p></td></tr></tbody></table><h1 style=\"\"><span>Описание активностей процесса</span></h1><h3 style=\"\"><span>Требуется провести финансовую проверку сделки</span></h3><table class=\"relative-table\" style=\"width: 442.943px;\"><colgroup><col style=\"width: 205.191px;\" /><col style=\"width: 236.762px;\" /></colgroup><thead><tr><th style=\"text-align: left;\"><p>Тип элемента:</p></th><td style=\"text-align: left;\"><p>Стартовое событие</p></td></tr></thead><tbody><tr><th style=\"text-align: left;\"><p>Условия старта:</p></th><td style=\"text-align: left;\"><p><span>Требуется&nbsp;</span><span>финансовая проверка сделки</span></p></td></tr><tr><th style=\"text-align: left;\"><p>Исполнитель:</p></th><td style=\"text-align: left;\"><p>-</p></td></tr><tr><th style=\"text-align: left;\"><p>UI:</p></th><td style=\"text-align: left;\"><p>-</p></td></tr><tr><th style=\"text-align: left;\"><p>Действия при запуске процесса:</p></th><td style=\"text-align: left;\"><p>-</p></td></tr></tbody></table><h3 class=\"auto-cursor-target\">Провести <span>финансовую </span>проверку</h3><table class=\"relative-table\" style=\"width: 440.79px;\"><thead><tr><th style=\"text-align: left;\"><p>Тип элемента:</p></th><td style=\"text-align: left;\"><p>Пользовательская задача</p></td></tr></thead><tbody><tr><th style=\"text-align: left;\"><p>Действия на входе:</p></th><td style=\"text-align: left;\"><p>-</p></td></tr><tr><th style=\"text-align: left;\"><p>Исполнитель:</p></th><td style=\"text-align: left;\"><p>Финансист</p></td></tr><tr><th style=\"text-align: left;\"><span style=\"color: rgb(0,0,0);\">UI:</span></th><td style=\"text-align: left;\"><br /></td></tr><tr><th style=\"text-align: left;\"><p>Действия на выходе:</p></th><td style=\"text-align: left;\"><p>-</p></td></tr></tbody></table><h3 class=\"auto-cursor-target\">Внести изменение в сделку</h3><table class=\"relative-table\" style=\"width: 440.79px;\"><thead><tr><th style=\"text-align: left;\"><p>Тип элемента:</p></th><td style=\"text-align: left;\"><p>Пользовательская задача</p></td></tr></thead><tbody><tr><th style=\"text-align: left;\"><p>Действия на входе:</p></th><td style=\"text-align: left;\"><p>-</p></td></tr><tr><th style=\"text-align: left;\"><p>Исполнитель:</p></th><td style=\"text-align: left;\"><p><span style=\"color: rgb(23,43,77);\">Менеджер по продажам</span></p></td></tr><tr><th style=\"text-align: left;\"><span style=\"color: rgb(0,0,0);\">UI:</span></th><td style=\"text-align: left;\"><br /></td></tr><tr><th style=\"text-align: left;\"><p>Действия на выходе:</p></th><td style=\"text-align: left;\"><p>-</p></td></tr></tbody></table><h3 class=\"auto-cursor-target\">Проверка выполнена?</h3><table class=\"relative-table\" style=\"width: 437.908px;\"><thead><tr><th style=\"text-align: left;\"><p>Тип элемента:</p></th><td style=\"text-align: left;\"><p>Развилка ИЛИ</p></td></tr></thead><tbody><tr><th style=\"text-align: left;\"><p>Условия развилки:</p></th><td style=\"text-align: left;\"><p><strong>Да:</strong><span>&nbsp;</span>Выполняется если финансовая проверка успена</p><p><strong>Нет:</strong>&nbsp;При остальных условиях</p></td></tr></tbody></table><h3 class=\"auto-cursor-target\">Финансовая проверка выполнена</h3><table class=\"relative-table\" style=\"width: 439.349px;\"><colgroup><col style=\"width: 138.689px;\" /><col style=\"width: 299.67px;\" /></colgroup><thead><tr><th style=\"text-align: left;\"><p>Тип элемента:</p></th><td style=\"text-align: left;\"><p>Завершающие событие</p></td></tr></thead><tbody><tr><th style=\"text-align: left;\"><p>Результат:</p></th><td style=\"text-align: left;\"><p>Завершение подпроцесса</p></td></tr></tbody></table><p class=\"auto-cursor-target\"><br /></p>","parent":"797346207","lastModifiedBy":"Vishnyakov Alesandr","lastModifiedByUrl":"https://confluence.vk.team/display/~a.vischniyakov@mail.msk","lastModifiedOn":"20220424","position":1},{"id":797350604,"title":"Подпроцесс: Согласование","source":"<h1 style=\"\">Информация по процессу</h1><table class=\"relative-table\" style=\"width: 594.384px;\"><thead><tr><th style=\"text-align: left;\"><p><strong>Описание</strong></p></th><td style=\"text-align: left;\">В рамках процесса происходит согласование сделки</td></tr></thead><colgroup><col style=\"width: 100.234px;\" /><col style=\"width: 493.16px;\" /></colgroup><tbody><tr><th style=\"text-align: left;\"><p><strong>Схема процесса</strong></p></th><td style=\"text-align: left;\"><p><span><a href=\"https://cawemo.com/share/fc2cfe6d-aae2-420c-baf4-e41f3abcb4d6\">https://cawemo.com/share/fc2cfe6d-aae2-420c-baf4-e41f3abcb4d6</a> </span>(Эталонная)</p></td></tr><tr><th style=\"text-align: left;\"><p>Правила согласования</p></th><td style=\"text-align: left;\"><p><span><ac:link><ri:page ri:content-title=\"Бизнес правила (Вишняков)\" /><ac:plain-text-link-body><![CDATA[Решение о согласование]]></ac:plain-text-link-body></ac:link></span></p></td></tr></tbody></table><h1 style=\"\"><span>Описание активностей процесса</span></h1><p><span>...</span></p>","parent":"797346207","lastModifiedBy":"Vishnyakov Alesandr","lastModifiedByUrl":"https://confluence.vk.team/display/~a.vischniyakov@mail.msk","lastModifiedOn":"20220424","position":3},{"id":797350606,"title":"Подпроцесс:  Проверка благонадёжности","source":"<p><ac:structured-macro ac:name=\"toc\" ac:schema-version=\"1\" ac:macro-id=\"7c965630-e525-41e4-a88d-f826426d00d8\" /></p><h1>Информация по процессу</h1><table class=\"relative-table wrapped\" style=\"width: 594.384px;\"><thead><tr><th style=\"text-align: left;\"><p><strong>Описание</strong></p></th><td style=\"text-align: left;\">В рамках процесса происходит проверка благонадёжности клиента</td></tr></thead><colgroup><col style=\"width: 100.234px;\" /><col style=\"width: 493.16px;\" /></colgroup><tbody><tr><th style=\"text-align: left;\"><p><strong>Схема процесса</strong></p></th><td style=\"text-align: left;\"><p><span><a href=\"https://cawemo.com/share/11e245a6-dc9d-4e12-b76c-8a4c5a6f743e\">https://cawemo.com/share/11e245a6-dc9d-4e12-b76c-8a4c5a6f743e</a> </span>(Эталонная)</p></td></tr></tbody></table><h1><span>Описание активностей процесса</span></h1><h3><span>Требуется провести проверку на благонадёжность</span></h3><table class=\"relative-table wrapped\" style=\"width: 442.943px;\"><colgroup><col style=\"width: 205.191px;\" /><col style=\"width: 236.762px;\" /></colgroup><thead><tr><th style=\"text-align: left;\"><p>Тип элемента:</p></th><td style=\"text-align: left;\"><p>Стартовое событие</p></td></tr></thead><tbody><tr><th style=\"text-align: left;\"><p>Условия старта:</p></th><td style=\"text-align: left;\"><p><span>Требуется проверка на благонадёжность</span></p></td></tr><tr><th style=\"text-align: left;\"><p>Исполнитель:</p></th><td style=\"text-align: left;\"><p>-</p></td></tr><tr><th style=\"text-align: left;\"><p>UI:</p></th><td style=\"text-align: left;\"><p>-</p></td></tr><tr><th style=\"text-align: left;\"><p>Действия при запуске процесса:</p></th><td style=\"text-align: left;\"><p>-</p></td></tr></tbody></table><h3><span>Получить информацию о клиенте через контур-фокус</span></h3><table class=\"relative-table wrapped\" style=\"width: 440.79px;\"><thead><tr><th style=\"text-align: left;\"><p>Тип элемента:</p></th><td style=\"text-align: left;\"><p>Сервисная задача</p></td></tr></thead><tbody><tr><th style=\"text-align: left;\"><p>Действия на входе:</p></th><td style=\"text-align: left;\"><p>вызвать GET запрос через API Контур-фокус</p></td></tr><tr><th style=\"text-align: left;\"><p>Исполнитель:</p></th><td style=\"text-align: left;\"><p>Менеджер по продажам</p></td></tr><tr><th style=\"text-align: left;\"><span style=\"color: rgb(0,0,0);\">UI:</span></th><td style=\"text-align: left;\"><br /></td></tr><tr><th style=\"text-align: left;\"><p>Действия на выходе:</p></th><td style=\"text-align: left;\"><p>Заполнить информацию о клиенте</p></td></tr></tbody></table><h3><span>Ранее сотрудничали?</span></h3><table class=\"relative-table wrapped\" style=\"width: 437.908px;\"><thead><tr><th style=\"text-align: left;\"><p>Тип элемента:</p></th><td style=\"text-align: left;\"><p>Развилка ИЛИ</p></td></tr></thead><tbody><tr><th style=\"text-align: left;\"><p>Условия развилки:</p></th><td style=\"text-align: left;\"><p><strong>Да:</strong><span>&nbsp;</span>Выполняется если ранее сотрудничали с клиентом</p><p><strong>Нет:</strong>&nbsp;При остальных условиях</p></td></tr></tbody></table><h3>Подготовить справку о клиенте</h3><table class=\"relative-table wrapped\" style=\"width: 440.79px;\"><thead><tr><th style=\"text-align: left;\"><p>Тип элемента:</p></th><td style=\"text-align: left;\"><p>Пользовательская задача</p></td></tr></thead><tbody><tr><th style=\"text-align: left;\"><p>Действия на входе:</p></th><td style=\"text-align: left;\"><p>Сбор информации о клиенте</p></td></tr><tr><th style=\"text-align: left;\"><p>Исполнитель:</p></th><td style=\"text-align: left;\"><p><span style=\"color: rgb(23,43,77);\">Сотрудник группы поддержки клиентов</span></p></td></tr><tr><th style=\"text-align: left;\"><span style=\"color: rgb(0,0,0);\">UI:</span></th><td style=\"text-align: left;\"><br /></td></tr><tr><th style=\"text-align: left;\"><p>Действия на выходе:</p></th><td style=\"text-align: left;\"><p>-</p></td></tr></tbody></table><h3>Проверить справку о клиенте</h3><table class=\"relative-table wrapped\" style=\"width: 440.79px;\"><thead><tr><th style=\"text-align: left;\"><p>Тип элемента:</p></th><td style=\"text-align: left;\"><p>Пользовательская задача</p></td></tr></thead><tbody><tr><th style=\"text-align: left;\"><p>Действия на входе:</p></th><td style=\"text-align: left;\"><p>Проверка спраки о клиенте</p></td></tr><tr><th style=\"text-align: left;\"><p>Исполнитель:</p></th><td style=\"text-align: left;\"><p>Маркетинговый аналитик</p></td></tr><tr><th style=\"text-align: left;\"><span style=\"color: rgb(0,0,0);\">UI:</span></th><td style=\"text-align: left;\"><br /></td></tr><tr><th style=\"text-align: left;\"><p>Действия на выходе:</p></th><td style=\"text-align: left;\"><p>-</p></td></tr></tbody></table><h3>Проверка благонадёжности выполнена</h3><table class=\"relative-table wrapped\" style=\"width: 439.349px;\"><colgroup><col style=\"width: 138.689px;\" /><col style=\"width: 299.67px;\" /></colgroup><thead><tr><th style=\"text-align: left;\"><p>Тип элемента:</p></th><td style=\"text-align: left;\"><p>Завершающие событие</p></td></tr></thead><tbody><tr><th style=\"text-align: left;\"><p>Результат:</p></th><td style=\"text-align: left;\"><p>Завершение подпроцесса</p></td></tr></tbody></table><p class=\"auto-cursor-target\"><br /></p>","parent":"797346207","lastModifiedBy":"Vishnyakov Alesandr","lastModifiedByUrl":"https://confluence.vk.team/display/~a.vischniyakov@mail.msk","lastModifiedOn":"20220424","position":0}],"attachments":[{"filename":"BPMN до оптимизации.bpmn","parent":791364214},{"filename":"BPMN после оптимизации.bpmn","parent":791364214},{"filename":"structurizr--SystemContext.png","parent":802495741},{"filename":"structurizr--Container.png","parent":802495741},{"filename":"structurizr--Container (1).png","parent":802495741},{"filename":"structurizr--Web-Component.png","parent":802495741},{"filename":"structurizr--Web-Component (2).png","parent":802495741},{"filename":"Модель данных","parent":797348298},{"filename":"Модель данных.png","parent":797348298}]}